,Date,Close,ROC,RSI,Moving_Average
13,1720927320000,59457.67,0.0002849897704821913,43.42561269625747,59467.46571428572
14,1720927380000,59440.51,-0.0002886086858094883,39.66092800446779,59461.50142857143
15,1720927440000,59429.99,-0.0001769836766205568,37.51380507187131,59454.29285714286
16,1720927500000,59412.0,-0.0003027091204288457,34.11276984881633,59445.881428571425
17,1720927560000,59452.98,0.0006897596445163412,46.100347912563905,59442.450000000004
18,1720927620000,59460.0,0.00011807650348227838,47.850712110520384,59442.19357142857
19,1720927680000,59460.0,0.0,47.850712110520384,59440.12285714286
20,1720927740000,59481.09,0.0003546922300705635,53.151571907502095,59442.01
21,1720927800000,59438.81,-0.0007108141427805137,43.5864137627225,59442.21071428572
22,1720927860000,59431.36,-0.00012533898306510416,42.14711846252183,59439.59357142857
23,1720927920000,59452.73,0.0003595744738131845,47.50227517990412,59441.41142857143
24,1720927980000,59443.91,-0.00014835315384176262,45.62512091510013,59443.690714285716
25,1720928040000,59418.0,-0.0004358730776626851,40.555050292367994,59444.270000000004
26,1720928100000,59414.0,-6.731966744089046e-05,39.81938246670483,59442.360714285714
27,1720928160000,59414.0,0.0,39.81938246670483,59439.241428571426
28,1720928220000,59418.0,6.732419968358272e-05,41.05938017829891,59437.633571428574
29,1720928280000,59424.01,0.00010114780032988158,42.96104921821576,59437.20642857143
30,1720928340000,59420.01,-6.731285889327587e-05,41.99001076990492,59437.77857142857
31,1720928400000,59411.94,-0.00013581283476726824,40.024455734767095,59434.84714285714
32,1720928460000,59452.73,0.0006865623307368285,52.20320864642882,59434.32785714285
33,1720928520000,59385.0,-0.0011392243888548315,38.29707777984898,59428.970714285715
34,1720928580000,59411.42,0.0004448934916223557,44.50696886330225,59423.99428571429
35,1720928640000,59400.0,-0.00019221893703258441,42.51519337551948,59421.22214285714
36,1720928700000,59385.01,-0.00025235690235692054,39.985679541318994,59417.91142857143
37,1720928760000,59398.1,0.00022042599639204852,43.165673640267684,59414.00928571429
38,1720928820000,59385.0,-0.0002205457750331652,40.833787109920834,59409.80142857142
39,1720928880000,59390.36,9.025848278176873e-05,42.209424859512886,59407.82714285714
40,1720928940000,59394.12,6.330993784176009e-05,43.206971205549785,59406.40714285714
41,1720929000000,59421.68,0.00046401899716674855,50.017351753699785,59406.955714285716
42,1720929060000,59390.01,-0.0005329704579203343,43.55399821469169,59404.95642857143
43,1720929120000,59390.0,-1.683784865980087e-07,43.55208447535239,59402.52714285714
44,1720929180000,59405.62,0.00026300724027628064,47.43715854109574,59401.499285714286
45,1720929240000,59439.37,0.0005681280659977084,54.693091389824495,59403.45857142857
46,1720929300000,59440.03,1.1103751604402134e-05,54.82442411609578,59402.55142857144
47,1720929360000,59440.03,0.0,54.82442411609576,59406.482142857145
48,1720929420000,59459.18,0.0003221734578533475,58.839412590127665,59409.89357142857
49,1720929480000,59465.04,9.855500866318145e-05,60.010633063474806,59414.53928571429
50,1720929540000,59466.15,1.866642988890277e-05,60.241413015503106,59420.335
51,1720929600000,59453.39,-0.00021457585533957158,56.224507740349516,59424.28428571428
52,1720929660000,59464.0,0.000178459125711683,58.69105765732123,59429.927142857145
53,1720929720000,59458.0,-0.00010090138571239304,56.743910902072045,59434.758571428574
54,1720929780000,59508.26,0.0008453025665176028,66.70773425155957,59442.91142857143
55,1720929840000,59489.76,-0.0003108812121207505,61.12635898758444,59447.77428571428
56,1720929900000,59515.66,0.00043536904502561313,65.48085397969322,59456.749285714286
57,1720929960000,59511.99,-6.166444260224946e-05,64.38036177143388,59465.462857142855
58,1720930020000,59542.02,0.0005046041982463834,68.97506503046665,59475.205714285716
59,1720930080000,59554.01,0.00020137039354728437,70.60542564149247,59483.39428571429
60,1720930140000,59584.0,0.0005035765013976512,74.25033214064577,59493.67785714286
61,1720930200000,59634.0,0.0008391514500536434,78.93923804545533,59507.53285714286
62,1720930260000,59599.99,-0.0005703122379850933,69.6488255987521,59517.59071428572
63,1720930320000,59630.0,0.0005035235744166311,72.7017807800701,59529.37357142857
64,1720930380000,59670.98,0.0006872379674660589,76.21946740491865,59544.00428571429
65,1720930440000,59670.0,-1.6423393750297777e-05,75.96735822516399,59559.476428571434
66,1720930500000,59694.0,0.00040221216691804784,77.89564019428383,59575.905000000006
67,1720930560000,59710.01,0.0002682011592454181,79.10032473975454,59593.90571428572
68,1720930620000,59725.74,0.0002634399156857814,80.23980969281352,59609.44
69,1720930680000,59751.99,0.00043950899561906454,82.00320431239803,59628.17071428571
70,1720930740000,59880.01,0.002142522784596812,87.74641505543867,59654.19571428571
71,1720930800000,59888.0,0.00013343351145067572,88.00372676790472,59681.05357142857
72,1720930860000,59950.0,0.0010352658295484929,89.79456902177223,59710.195
73,1720930920000,60001.58,0.0008603836530443054,90.99849660616007,59742.16428571428
74,1720930980000,59984.0,-0.0002929922845364974,87.22176517017668,59770.73571428571
75,1720931040000,59987.65,6.08495598826142e-05,87.33925487935268,59795.99642857142
76,1720931100000,59928.0,-0.0009943713414344302,75.17453817464633,59819.42571428571
77,1720931160000,59687.75,-0.0040089774395941635,46.8631312467641,59823.55071428571
78,1720931220000,59749.99,0.001042760030324441,51.915411762629944,59829.194285714286
79,1720931280000,59757.91,0.00013255232343989398,52.53387734353715,59835.47357142857
80,1720931340000,59740.0,-0.00029970927698108607,50.938330966340196,59838.75928571429
81,1720931400000,59675.06,-0.001087043856712433,45.537722815873934,59836.26285714286
82,1720931460000,59750.0,0.0012558009996135322,51.87825113733566,59837.99571428572
83,1720931520000,59690.0,-0.0010041841004183594,47.1457131854517,59833.567857142865
84,1720931580000,59704.0,0.00023454514994125653,48.33013813574626,59820.99571428572
85,1720931640000,59710.0,0.0001004957791772565,48.85907496516359,59808.281428571434
86,1720931700000,59714.01,6.715792999512082e-05,49.23312076278125,59791.424999999996
87,1720931760000,59730.0,0.00026777635600083727,50.779068484624624,59772.02642857144
88,1720931820000,59686.4,-0.0007299514481834413,46.611082635318404,59750.76928571429
89,1720931880000,59720.0,0.0005629423118163057,50.01602502370014,59731.65142857143
90,1720931940000,59694.38,-0.00042900200937712185,47.527030911245184,59714.96428571428
91,1720932000000,59760.0,0.0010992659610502553,53.86034238384284,59720.125
92,1720932060000,59810.01,0.0008368473895583595,58.01900116370228,59724.412142857145
93,1720932120000,59884.0,0.0012370838928132954,63.290756126299165,59733.41857142857
94,1720932180000,59844.01,-0.0006677910627211903,58.97984439216999,59740.84785714286
95,1720932240000,59842.05,-3.275181592943266e-05,58.76856202133911,59752.775714285715
96,1720932300000,59800.01,-0.0007025160401423758,54.27729234411976,59756.34785714286
97,1720932360000,59743.65,-0.000942474758783507,48.88366666229502,59760.18
98,1720932420000,59747.15,5.858363190069937e-05,49.221130622468245,59763.26214285714
99,1720932480000,59760.0,0.00021507302021928076,50.51288403149822,59766.833571428564
100,1720932540000,59750.0,-0.00016733601070950677,49.45845182392525,59769.40428571428
101,1720932600000,59760.02,0.0001676987447698508,50.571831830444076,59771.54857142857
102,1720932660000,59772.42,0.00020749658383656389,51.981579529428245,59777.692857142865
103,1720932720000,59836.0,0.0010637012856431483,58.51501151625919,59785.978571428575
104,1720932780000,59838.06,3.442743498882628e-05,58.71103085710742,59796.241428571426
105,1720932840000,59821.15,-0.0002825960600995048,56.35697535578891,59800.60928571429
106,1720932900000,59872.01,0.000850200974070292,61.37346760780662,59805.03785714286
107,1720932960000,59839.55,-0.0005421565101956238,56.879807065675,59801.86285714286
108,1720933020000,59870.0,0.000508860778531961,59.84964311867639,59803.71928571429
109,1720933080000,59884.25,0.00023801570068471278,61.19654040585314,59806.73357142857
110,1720933140000,59950.0,0.0010979514647007083,66.74056897801297,59817.44714285714
111,1720933200000,59998.01,0.0008008340283569559,70.09986860119413,59835.61571428572
112,1720933260000,60032.01,0.0005666854617345507,72.2383756847497,59855.962857142855
113,1720933320000,60056.59,0.00040944822603794506,73.70269721508483,59877.14785714286
114,1720933380000,60093.84,0.0006202483357780064,75.78703734123599,59901.70785714286
115,1720933440000,60164.0,0.0011675073518351287,79.14060503012973,59930.563571428575
116,1720933500000,60262.4,0.001635529552556303,82.74934050372079,59965.56214285714
117,1720933560000,60142.0,-0.001997929056924419,67.38734139016381,59987.419285714284
118,1720933620000,60065.36,-0.0012743174487047648,59.77969089905352,60003.655000000006
119,1720933680000,60046.01,-0.00032214907227723355,57.99934067811532,60019.71642857143
120,1720933740000,60059.89,0.00023115607514956338,58.94388599363231,60033.13642857143
121,1720933800000,60140.01,0.0013340017772260904,63.97950155136513,60054.59785714286
122,1720933860000,60123.6,-0.0002728632735512493,62.29421117594283,60072.71214285714
123,1720933920000,60078.01,-0.0007582712944667058,57.74346683639238,60086.552142857145
124,1720933980000,60062.02,-0.0002661539554988934,56.19293732756617,60094.55357142857
125,1720934040000,59960.09,-0.0016970791192171264,47.44669695284948,60091.844999999994
126,1720934100000,59907.47,-0.0008775837394505714,43.66804471618404,60082.94928571429
127,1720934160000,59890.01,-0.000291449463647786,42.45971327495243,60071.05071428571
128,1720934220000,59886.0,-6.695607497819722e-05,42.17109618961529,60056.205
129,1720934280000,59830.0,-0.000935110042413867,38.25983833902906,60032.34785714286
130,1720934340000,59821.13,-0.00014825338458968051,37.66397321595292,60000.82857142857
131,1720934400000,59845.11,0.0004008617022113192,40.367901511742204,59979.62214285714
132,1720934460000,59908.4,0.001057563433336517,46.912981900593984,59968.41071428572
133,1720934520000,59944.0,0.000594240540558566,50.222519996684255,59961.124285714286
134,1720934580000,60058.58,0.001911450687308136,59.06739903604267,59961.03071428571
135,1720934640000,60112.89,0.000904283784265214,62.47130908626992,59959.093571428566
136,1720934700000,60034.01,-0.0013121977665688789,55.280870385480874,59952.694285714286
137,1720934760000,60128.01,0.0015657791308627544,61.036333027401895,59956.26571428571
138,1720934820000,60116.3,-0.0001947511650559619,60.00034586020589,59960.142857142855
139,1720934880000,60132.6,0.0002711411048250678,60.99283490799349,59972.465000000004
140,1720934940000,60142.48,0.00016430355580832057,61.614548220400685,59989.25142857143
141,1720935000000,60164.01,0.00035798324246028024,62.99854889965455,60008.822857142855
142,1720935060000,60148.08,-0.0002647762341638771,61.23918577966297,60027.54285714286
143,1720935120000,60130.0,-0.00030059147357652805,59.21782099892176,60048.97142857143
144,1720935180000,60117.74,-0.00020389156826883248,57.82402149241005,60070.157857142854
145,1720935240000,60174.0,0.0009358302557613829,62.218623966153764,60093.65
146,1720935300000,60140.01,-0.0005648619004885447,58.26838362744682,60110.19357142857
147,1720935360000,60104.44,-0.0005914531773439924,54.3775710919228,60121.65357142857
148,1720935420000,60090.0,-0.00024024847415604622,52.83516609340897,60123.89785714286
149,1720935480000,60103.99,0.00023281744050596132,54.190873092700556,60123.262142857144
150,1720935540000,60064.78,-0.0006523693352138427,49.86469396169029,60125.46000000001
151,1720935600000,60080.6,0.0002633823015749659,51.54545955465503,60122.07357142858
152,1720935660000,60050.01,-0.0005091493760048804,48.18185685104699,60117.33857142857
153,1720935720000,60066.0,0.00026627805723933307,50.017898217125904,60112.58142857143
154,1720935780000,60079.95,0.0002322445310158905,51.62818570834103,60108.115
155,1720935840000,60066.67,-0.00022103879913348834,49.977472065583356,60101.162142857145
156,1720935900000,60036.85,-0.0004964483631271221,46.39065192125977,60093.217142857146
157,1720935960000,60002.01,-0.0005803102594489351,42.54849816096821,60084.075000000004
158,1720936020000,60053.57,0.0008593045466309679,49.24765062753184,60079.491428571426
159,1720936080000,60113.99,0.0010061017188487398,55.75801865792313,60075.205
160,1720936140000,60140.0,0.0004326779839436412,58.241379597221126,60075.20428571429
161,1720936200000,60252.12,0.001864316594612614,66.87335432729091,60085.75285714286
162,1720936260000,60218.01,-0.0005661211588903203,62.63164274988611,60094.896428571425
163,1720936320000,60236.77,0.00031153470531486427,63.984684052285985,60104.38071428571
164,1720936380000,60209.01,-0.0004608480833218076,60.494151075652525,60114.682857142856
165,1720936440000,60197.5,-0.0001911674016895626,59.05562567171717,60123.032857142854
166,1720936500000,60245.0,0.0007890693135097493,62.969172506379564,60136.96071428571
167,1720936560000,60236.0,-0.00014938999087066307,61.76455492904092,60149.10357142857
168,1720936620000,60234.02,-3.287070854640639e-05,61.485876123936734,60160.10857142857
169,1720936680000,60265.42,0.0005213000892188013,64.24134164197355,60174.305
170,1720936740000,60265.38,-6.637305439705088e-07,64.23503697773387,60190.62857142858
171,1720936800000,60318.01,0.0008733040428849925,68.60136351404216,60213.200000000004
172,1720936860000,60279.46,-0.0006391125967186717,62.57525744366406,60229.33500000001
173,1720936920000,60299.0,0.00032415685210196443,64.2876649835288,60242.55
174,1720936980000,60204.67,-0.0015643708850893168,51.9336731793924,60247.169285714284
175,1720937040000,60175.99,-0.00047637500546049427,48.85940448732995,60241.73142857143
176,1720937100000,60193.17,0.00028549592619908637,50.74050262613921,60239.95714285714
177,1720937160000,60208.0,0.0002463734672888407,52.36918486976926,60237.90214285714
178,1720937220000,60232.0,0.0003986181238373465,54.964308176751544,60239.544285714284
179,1720937280000,60213.48,-0.0003074777526895778,52.58345021528464,60240.68571428571
180,1720937340000,60202.01,-0.00019048890713513345,51.10692922009508,60237.615
181,1720937400000,60158.01,-0.0007308726070773819,45.79466819161066,60232.044285714284
182,1720937460000,60166.0,0.00013281689337785174,46.87456170404106,60227.18571428571
183,1720937520000,60164.55,-2.409999002750407e-05,46.692761489752506,60219.98071428571
184,1720937580000,60132.02,-0.0005406838412321813,42.69232211836825,60210.455
185,1720937640000,60145.61,0.00022600271868467026,44.81931151506708,60198.14071428572
186,1720937700000,60129.0,-0.00027616313144052107,42.73175563743532,60187.39357142857
187,1720937760000,60127.47,-2.5445292620829285e-05,42.53522595422599,60175.14142857143
188,1720937820000,60100.01,-0.00045669641513268466,39.062788400028374,60167.66571428572
189,1720937880000,60094.5,-9.168051719132819e-05,38.385630226447596,60161.84500000001
190,1720937940000,60092.01,-4.143474028406313e-05,38.06450127630003,60154.61928571429
191,1720938000000,60077.46,-0.00024212869564532724,36.16080690166503,60145.295
192,1720938060000,60127.47,0.0008324253388876102,46.13276240450771,60137.82857142857
193,1720938120000,60133.87,0.00010644053375274964,47.26796986663445,60132.14214285714
194,1720938180000,60120.01,-0.0002304857478822031,45.05361065203904,60126.284999999996
195,1720938240000,60110.57,-0.00015701926862621285,43.55692104188213,60122.89642857143
196,1720938300000,60106.45,-6.8540358209912e-05,42.88728229677881,60118.642857142855
197,1720938360000,60114.0,0.00012561047940784498,44.56906553692444,60115.03214285714
198,1720938420000,60132.03,0.00029993013274776104,48.47135410855615,60115.032857142854
199,1720938480000,60126.0,-0.00010027933532263944,47.27272697008415,60113.63214285714
200,1720938540000,60111.59,-0.00023966337358216627,44.44429138654002,60112.388571428564
201,1720938600000,60129.82,0.0003032693029747513,48.631636337967485,60112.55642857143
202,1720938660000,60131.4,2.627647979003278e-05,48.99048911287408,60114.79857142857
203,1720938720000,60139.02,0.0001267224777736775,50.77646640272704,60117.97857142857
204,1720938780000,60140.65,2.710386700699452e-05,51.17031203938443,60121.45285714285
205,1720938840000,60137.69,-4.92179582362029e-05,50.381965532242816,60125.755000000005
206,1720938900000,60132.98,-7.832026803822334e-05,49.086066419319216,60126.14857142857
207,1720938960000,60118.01,-0.0002489482477003868,45.1141975688375,60125.01571428571
208,1720939020000,60074.11,-0.0007302304251255443,35.9320196958532,60121.73714285715
209,1720939080000,60050.0,-0.000401337614489794,32.07131483011922,60117.41071428572
210,1720939140000,60042.87,-0.00011873438800991121,31.010190172827578,60112.86928571429
211,1720939200000,60046.0,5.212942019583444e-05,32.072701274735024,60108.012142857144
212,1720939260000,60049.01,5.0128235019819556e-05,33.13911926589337,60102.08214285714
213,1720939320000,60078.02,0.00048310538341911347,42.507420187606726,60098.655000000006
214,1720939380000,60042.0,-0.0005995537136542772,35.80004012342641,60093.68428571429
215,1720939440000,60011.83,-0.000502481596215909,31.33941848842329,60085.256428571425
216,1720939500000,59862.38,-0.0024903423208391118,18.826012963657803,60066.04071428571
217,1720939560000,59868.99,0.00011041993318672283,20.34100254133793,60046.75285714286
218,1720939620000,59947.99,0.001319547899505169,35.770094444773406,60032.991428571426
219,1720939680000,59928.19,-0.0003302863031771075,33.99297162476519,60018.02714285714
220,1720939740000,59930.51,3.8712999675061255e-05,34.404197924232236,60003.565
221,1720939800000,59912.52,-0.00030018099295348044,32.702808930261185,59988.88714285714
222,1720939860000,59894.0,-0.0003091173597771224,31.00303600001223,59976.02214285714
223,1720939920000,59843.87,-0.000836978662303367,26.923760998554584,59961.29857142857
224,1720939980000,59807.95,-0.0006002285614217229,24.442109714791656,59944.51857142857
225,1720940040000,59834.06,0.000436564035383169,29.527015601946488,59929.38
226,1720940100000,59872.0,0.0006340870066314785,36.241551144805726,59916.73642857142
227,1720940160000,59884.49,0.00020861170497066261,38.324858111278296,59902.91285714285
228,1720940220000,59865.99,-0.00030892807135873834,36.42629724878112,59890.34071428571
229,1720940280000,59853.78,-0.00020395553468666172,35.18733254925043,59879.05142857142
230,1720940340000,59875.99,0.0003710709666122636,39.2359627002506,59880.023571428566
231,1720940400000,59844.02,-0.0005339368918994003,35.772021920732286,59878.24
232,1720940460000,59872.26,0.0004718934322929247,40.748184350984666,59872.830714285716
233,1720940520000,59916.92,0.0007459213999938541,47.6550891749196,59872.025714285715
234,1720940580000,59930.48,0.00022631336857781292,49.57701240934543,59872.023571428566
235,1720940640000,59941.05,0.00017637102189071996,51.08468287515723,59874.061428571425
236,1720940700000,59928.0,-0.0002177139039106768,49.13143435452766,59876.49
237,1720940760000,59963.99,0.0006005539981310815,54.31894441106539,59885.07
238,1720940820000,59968.93,8.238277672978356e-05,54.997331404966914,59896.56857142857
239,1720940880000,59945.06,-0.00039803945142935504,51.05216185074677,59904.49714285715
240,1720940940000,59940.01,-8.424380591154357e-05,50.23120320773396,59909.354999999996
241,1720941000000,59961.2,0.0003535201278743738,53.602709854016155,59914.83428571429
242,1720941060000,59913.04,-0.0008031860603189278,45.9789962988919,59918.19500000001
243,1720941120000,59919.99,0.00011600145811319074,47.14723225577321,59922.92428571429
244,1720941180000,59934.45,0.0002413218026238173,49.589842349873095,59927.1
245,1720941240000,59924.0,-0.0001743571518549869,47.86811101723512,59932.81285714286
246,1720941300000,59933.88,0.00016487550897803516,49.648086309698854,59937.21428571428
247,1720941360000,59945.86,0.00019988694207695445,51.7972376362825,59939.28142857143
248,1720941420000,59975.88,0.0005007852085197051,56.7759293253711,59942.52428571428
249,1720941480000,60011.51,0.0005940721503379098,61.81679887527631,59947.55714285715
250,1720941540000,59992.49,-0.0003169392004968019,57.932761517153615,59952.16357142857
251,1720941600000,60028.0,0.0005919074204121522,62.651007905399005,59956.735714285714
252,1720941660000,60054.34,0.0004387952288931185,65.72215037345262,59962.83642857143
253,1720941720000,60100.0,0.0007603114112986198,70.28377491324318,59973.903571428564
254,1720941780000,60058.01,-0.0006986688851913225,62.099358264917285,59982.332142857136
255,1720941840000,60016.0,-0.0006994903760547677,55.17660127512659,59986.24642857142
256,1720941900000,60012.85,-5.248600373231049e-05,54.68433794115259,59993.37571428571
257,1720941960000,60008.51,-7.231784526140483e-05,53.96991054447467,59999.69857142856
258,1720942020000,59970.01,-0.0006415756698507913,47.98133965685982,60002.23857142857
259,1720942080000,59946.17,-0.00039753203309456087,44.67557556616163,60003.82214285714
260,1720942140000,59946.17,0.0,44.67557556616163,60004.700000000004
261,1720942200000,59922.21,-0.00039969192360411743,41.354546473621056,60003.010714285716
262,1720942260000,59942.0,0.0003302615173905732,44.99180037726713,60000.59071428572
263,1720942320000,59970.01,0.00046728504220761025,49.74284558044675,59997.62642857143
264,1720942380000,59980.01,0.00016675001388199995,51.358110433956824,59996.735
265,1720942440000,59986.01,0.00010003332777031027,52.34772353230568,59993.735714285714
266,1720942500000,59986.01,0.0,52.34772353230567,59988.855
267,1720942560000,59973.62,-0.00020654816014598065,49.91562623926424,59979.82785714286
268,1720942620000,59952.87,-0.00034598545160358096,46.05636415561861,59972.317857142865
269,1720942680000,59968.0,0.00025236489929492123,49.14392884102361,59968.88928571429
270,1720942740000,59978.01,0.0001669223585913926,51.13661644591916,59966.40071428572
271,1720942800000,59974.01,-6.66911089580724e-05,50.2886532256605,59963.93642857143
272,1720942860000,59970.18,-6.386099578803428e-05,49.44322779426892,59963.94857142858
273,1720942920000,59990.0,0.00033049759063596973,53.77414439484181,59967.07928571429
274,1720942980000,59989.99,-1.6669444913297582e-07,53.771641544911965,59970.20928571428
275,1720943040000,60000.0,0.00016686117133879463,55.98029311499519,59975.76571428571
276,1720943100000,60018.0,0.00029999999999996696,59.708148621416406,59981.194285714286
277,1720943160000,60004.68,-0.0002219334199740075,55.93330627022385,59983.67071428571
278,1720943220000,60004.7,3.3330733528735834e-07,55.937810719903126,59985.434285714284
279,1720943280000,60025.99,0.0003548055402327055,60.559531334960866,59988.28999999999
280,1720943340000,60038.02,0.00020041318768759808,62.9259024448033,59992.005
281,1720943400000,60040.61,4.3139330710761925e-05,63.43456567405978,59996.78999999999
282,1720943460000,60023.68,-0.00028197581603517374,57.847471240355816,60001.84785714286
283,1720943520000,60076.65,0.0008824850459019373,67.49417483540026,60009.60857142857
284,1720943580000,60100.0,0.00038867014056198634,70.67959590299864,60018.32214285714
285,1720943640000,60121.34,0.0003550748752079169,73.25876234867994,60028.845714285715
286,1720943700000,60111.79,-0.00015884542826216652,70.27934880775057,60038.96071428571
287,1720943760000,60068.0,-0.0007284760610190011,58.52566904244364,60044.53214285714
288,1720943820000,60094.86,0.00044715988546317753,62.65170195217201,60052.02285714286
289,1720943880000,60062.0,-0.0005468021724320815,55.39158930810674,60056.45142857143
290,1720943940000,60062.01,1.6649462231121959e-07,55.393283364515895,60059.59500000001
291,1720944000000,60104.12,0.0007011087374531044,61.946771926724786,60066.697857142855
292,1720944060000,60129.4,0.00042060344615313383,65.24767425777804,60075.604999999996
293,1720944120000,60134.24,8.049306994584171e-05,65.85830577207363,60083.33714285714
294,1720944180000,60134.24,0.0,65.85830577207363,60090.21
295,1720944240000,60175.93,0.0006932822298910679,70.9563383737816,60099.875714285714
296,1720944300000,60194.01,0.00030045235694742267,72.8497400058287,60112.04214285714
297,1720944360000,60175.08,-0.000314483118835196,67.86145330919844,60119.07285714285
298,1720944420000,60120.0,-0.0009153290697744287,55.873221925365016,60120.50142857143
299,1720944480000,60128.0,0.00013306719893546592,57.059748003991544,60120.97714285714
300,1720944540000,60104.0,-0.00039914848323574503,52.49903901645868,60120.42071428571
301,1720944600000,60106.01,3.344203380817312e-05,52.8390201603592,60123.135714285716
302,1720944660000,60090.02,-0.00026602996938251966,49.78621799528766,60122.78999999999
303,1720944720000,60109.06,0.00031685794080282825,53.24983762878641,60126.15142857143
304,1720944780000,60140.01,0.0005148974214537194,58.286701213635546,60131.722857142864
305,1720944840000,60120.28,-0.0003280677871521087,54.27242366029894,60132.877142857134
306,1720944900000,60101.68,-0.0003093797966343681,50.72563008679401,60130.897142857146
307,1720944960000,60101.69,1.6638470001772987e-07,50.72749446098689,60128.57214285714
308,1720945020000,60152.0,0.0008370812867324329,59.109908142495414,60129.84071428572
309,1720945080000,60203.07,0.0008490158265725967,65.52203730885404,60131.779285714285
310,1720945140000,60224.57,0.0003571246449725063,67.81055832684568,60133.96214285714
311,1720945200000,60232.32,0.00012868502008389626,68.61914396353525,60138.05071428572
312,1720945260000,60236.01,6.126279047524719e-05,69.01819518017102,60146.33714285715
313,1720945320000,60197.99,-0.0006311839047773438,60.483789626184034,60151.336428571434
314,1720945380000,60228.01,0.0004986877468833306,64.24344945879619,60160.19428571429
315,1720945440000,60274.0,0.0007635981995752772,69.09460275872928,60172.19357142858
316,1720945500000,60285.9,0.0001974317284401117,70.22044071134707,60186.185
317,1720945560000,60315.49,0.000490827871857169,72.86722448522059,60200.93
318,1720945620000,60306.53,-0.0001485522209966339,70.8147780880528,60212.82428571428
319,1720945680000,60378.54,0.001194066380539649,76.53517750792004,60231.27142857143
320,1720945740000,60315.53,-0.0010435827033909995,64.60305364926234,60246.54642857143
321,1720945800000,60269.68,-0.0007601690642525805,57.56966083141906,60258.54571428571
322,1720945860000,60232.69,-0.000613741436821913,52.59476469595829,60264.30928571429
323,1720945920000,60262.01,0.00048677885712899993,55.85141728333016,60268.51928571429
324,1720945980000,60229.65,-0.0005369883945125498,51.635224821281696,60268.88214285715
325,1720946040000,60200.01,-0.0004921164243856246,48.05677277593082,60266.57428571428
326,1720946100000,60183.6,-0.00027259131684531646,46.14984417122905,60262.830714285716
327,1720946160000,60216.0,0.0005383526409188377,50.339799670439604,60264.11714285715
328,1720946220000,60260.0,0.0007307028032417229,55.41343040535528,60266.40214285714
329,1720946280000,60287.71,0.0004598406903417729,58.30269245957009,60267.381428571425
330,1720946340000,60251.52,-0.000600288184772646,53.432715970888914,60264.92571428572
331,1720946400000,60216.01,-0.0005893627247909317,49.09902541519452,60257.82
332,1720946460000,60232.0,0.00026554399735223555,51.02524329486174,60252.49642857143
333,1720946520000,60268.0,0.0005976889361136717,55.141155609479,60244.60071428572
334,1720946580000,60282.59,0.00024208535209391258,56.72836634721999,60242.24785714286
335,1720946640000,60254.0,-0.00047426628484270594,52.78691356746265,60241.12785714286
336,1720946700000,60205.39,-0.0008067514189928904,46.82932998429627,60239.17785714286
337,1720946760000,60243.99,0.0006411386090181548,51.50935527342939,60237.89071428571
338,1720946820000,60286.0,0.0006973309702760222,56.04400969704321,60241.91571428572
339,1720946880000,60290.0,6.635039644353746e-05,56.461505047156656,60248.34357142857
340,1720946940000,60302.76,0.000211643722010324,57.83724982052279,60256.854999999996
341,1720947000000,60285.9,-0.0002795891929324723,55.34860609912125,60261.84785714286
342,1720947060000,60239.94,-0.0007623673197214575,49.14122760402405,60260.41499999999
343,1720947120000,60216.0,-0.000397410754393257,46.23265957525807,60255.29285714286
344,1720947180000,60206.68,-0.00015477613923209343,45.11318769374773,60252.090000000004
345,1720947240000,60180.68,-0.00043184576860910706,42.053949976563075,60249.56642857142
346,1720947300000,60174.0,-0.00011099907810940834,41.27943249340601,60245.42357142857
347,1720947360000,60164.05,-0.00016535380729210125,40.09490559116135,60237.99857142857
348,1720947420000,60190.0,0.0004313206973267647,44.56288151106492,60231.385
349,1720947480000,60180.01,-0.00016597441435450833,43.226262712367635,60226.1
350,1720947540000,60202.0,0.000365403727915492,46.99499755657529,60225.85785714286
351,1720947600000,60202.0,0.0,46.99499755657529,60222.85857142857
352,1720947660000,60200.01,-3.3055380219915165e-05,46.669849090467096,60216.71642857143
353,1720947720000,60252.5,0.0008719267654606622,55.42948255439359,60214.03785714286
354,1720947780000,60220.4,-0.0005327579768473756,50.01871592586212,60208.155000000006
355,1720947840000,60247.99,0.0004581503942184817,54.16051528802358,60205.44714285714
356,1720947900000,60250.01,3.352808948497987e-05,54.458077214955665,60206.166428571436
357,1720947960000,60234.01,-0.00026556012189871137,51.60083123912649,60207.45285714286
358,1720948020000,60210.02,-0.0003982799750507082,47.570694625983386,60207.69142857142
359,1720948080000,60180.0,-0.0004985881087565813,43.04060720324269,60207.642857142855
360,1720948140000,60147.48,-0.0005403788634097406,38.73713395143258,60205.74857142857
361,1720948200000,60157.86,0.00017257580866236744,40.772740576556274,60205.30642857143
362,1720948260000,60133.91,-0.00039811921501187175,37.66313134043068,60201.299999999996
363,1720948320000,60155.02,0.00035104984857947663,41.87130709624848,60199.515
364,1720948380000,60143.1,-0.00019815470097084287,40.22023442033558,60195.307857142856
365,1720948440000,60131.39,-0.00019470230167717428,38.60955257493473,60190.264285714286
366,1720948500000,60170.32,0.000647415601069623,46.30774871522724,60188.14357142857
367,1720948560000,60176.0,9.439870022287522e-05,47.34521650088137,60182.67928571429
368,1720948620000,60205.99,0.0004983714437649667,52.55766606541211,60181.65
369,1720948680000,60234.0,0.00046523610026172335,56.853710943208334,60180.650714285715
370,1720948740000,60200.01,-0.0005642992329912833,50.837665578419305,60177.07928571429
371,1720948800000,60136.34,-0.0010576410203254616,41.894730889746164,60170.10285714286
372,1720948860000,60128.72,-0.00012671206794423462,40.9659311296837,60164.29571428571
373,1720948920000,60128.72,0.0,40.9659311296837,60160.63285714285
374,1720948980000,60139.97,0.0001870986111129902,43.12492586380884,60160.09642857143
375,1720949040000,60167.35,0.00045527126135902485,48.09981467613493,60160.77428571428
376,1720949100000,60230.43,0.0010484091454916467,57.35477808409327,60167.66857142857
377,1720949160000,60289.31,0.0009775789414088187,63.83709054889526,60177.260714285716
378,1720949220000,60289.31,0.0,63.83709054889526,60187.70428571429
379,1720949280000,60269.17,-0.0003340559047698699,60.20660468250577,60197.54571428571
380,1720949340000,60269.17,0.0,60.20660468250577,60204.60642857143
381,1720949400000,60289.3,0.00033400161309682375,62.66770879061648,60212.69928571428
382,1720949460000,60298.0,0.00014430421318545328,63.71228182446432,60219.271428571425
383,1720949520000,60349.83,0.0008595641646489405,69.23505220847287,60227.545
384,1720949580000,60338.0,-0.00019602375019123208,66.73838177385565,60237.40142857143
385,1720949640000,60324.0,-0.00023202625211304895,63.80597303671411,60250.805714285714
386,1720949700000,60348.01,0.00039801737285327654,66.52271198647628,60266.46928571429
387,1720949760000,60352.0,6.611651320387324e-05,66.96645507746999,60282.417857142864
388,1720949820000,60318.01,-0.0005631959172852641,59.70602352363438,60295.135
389,1720949880000,60300.15,-0.0002960973016185031,56.254750611780004,60304.62071428571
390,1720949940000,60317.53,0.0002882248219946426,58.75338367723186,60310.842142857146
391,1720950000000,60344.01,0.0004390100191438151,62.287715489383345,60314.749285714286
392,1720950060000,60266.0,-0.0012927546578359594,48.973945084377334,60313.08428571429
393,1720950120000,60210.02,-0.0009288819566588558,42.03111040801976,60308.85928571429
394,1720950180000,60200.01,-0.0001662513980230651,40.9141666373402,60303.919285714284
395,1720950240000,60202.94,4.8671088260565654e-05,41.40500577981825,60297.750714285714
396,1720950300000,60192.66,-0.00017075578036551686,40.144929881672965,60290.226428571434
397,1720950360000,60236.0,0.0007200213447950965,47.411288985966806,60282.095714285715
398,1720950420000,60233.6,-3.984328308659357e-05,47.070510756684634,60274.638571428564
399,1720950480000,60220.01,-0.0002256215799818495,45.09398885660755,60267.21071428571
400,1720950540000,60223.6,5.961473603210976e-05,45.742138177542,60258.32428571428
401,1720950600000,60196.01,-0.00045812605025263853,41.67087026620272,60247.182142857135
402,1720950660000,60222.98,0.0004480363399501641,46.66794104257838,60240.39428571429
403,1720950720000,60220.0,-4.948277219096742e-05,46.19700296527161,60234.66928571429
404,1720950780000,60232.01,0.00019943540352040934,48.45460040204014,60228.56071428571
405,1720950840000,60230.0,-3.337096005928686e-05,48.0909025831367,60220.41714285714
406,1720950900000,60190.01,-0.0006639548397807671,41.42831435281923,60214.989285714284
407,1720950960000,60195.07,8.406710681718721e-05,42.51356295117158,60213.92142857143
408,1720951020000,60221.48,0.0004387402489938186,47.93585402693784,60215.455
409,1720951080000,60195.09,-0.0004382157329910763,43.51864018855744,60214.89428571429
410,1720951140000,60186.01,-0.00015084286774880162,42.08178420287727,60214.419285714284
411,1720951200000,60198.0,0.00019921573136350013,44.67921666437725,60211.705
412,1720951260000,60223.61,0.0004254294162597816,49.85236167909639,60210.991428571426
413,1720951320000,60203.99,-0.00032578585043308017,46.28169206205733,60209.84714285714
414,1720951380000,60150.01,-0.0008966183138359174,38.179343110257875,60204.59071428572
415,1720951440000,60170.52,0.00034098082444189437,42.31178077736,60202.770000000004
416,1720951500000,60136.16,-0.0005710437602998164,37.75817088527383,60196.56857142858
417,1720951560000,60138.01,3.07635206504564e-05,38.144163026283785,60190.71214285714
418,1720951620000,60151.21,0.00021949512463081966,40.957660684050964,60184.940714285716
419,1720951680000,60134.01,-0.00028594603500076143,38.50029852516021,60178.08428571429
420,1720951740000,60134.01,0.0,38.50029852516021,60174.08428571429
421,1720951800000,60136.0,3.3092754000652036e-05,38.991453667943674,60169.865
422,1720951860000,60132.0,-6.651589729944618e-05,38.32883614214779,60163.47357142857
423,1720951920000,60119.9,-0.00020122397392396962,36.318224631298435,60158.10285714286
424,1720951980000,60105.99,-0.00023137097699765796,34.103460770340746,60152.387142857144
425,1720952040000,60108.01,3.3607299372295785e-05,34.72597904811241,60145.95928571429
426,1720952100000,60140.18,0.000535203211684987,43.82720522462084,60140.0
427,1720952160000,60129.99,-0.00016943747092212913,41.837306105268965,60134.71428571428
428,1720952220000,60117.99,-0.00019956763671502564,39.55943518633744,60132.427142857145
429,1720952280000,60124.0,9.997007551310055e-05,41.2836923697716,60129.10428571428
430,1720952340000,60106.0,-0.0002993812786906691,37.805077280428,60126.950000000004
431,1720952400000,60124.32,0.00030479486240975184,43.06350844492011,60125.97214285714
432,1720952460000,60148.0,0.00039385060820640305,49.058812795490084,60125.74285714286
433,1720952520000,60151.99,6.633637028663486e-05,50.01390569810257,60127.02714285714
434,1720952580000,60152.5,8.47852248941905e-06,50.14257896561154,60128.34785714286
435,1720952640000,60162.01,0.00015809816715850467,52.59319266938978,60130.205714285716
436,1720952700000,60170.9,0.0001477676693315555,54.82839330955461,60132.98428571429
437,1720952760000,60143.99,-0.00044722615084702433,47.523981597681974,60134.705
438,1720952820000,60128.01,-0.000265695707916902,43.79292815430435,60136.27785714286
439,1720952880000,60133.24,8.698109250571129e-05,45.306367486182296,60138.08
440,1720952940000,60133.24,0.0,45.306367486182296,60137.58428571429
441,1720953000000,60131.19,-3.4090962003685554e-05,44.758505495479646,60137.67
442,1720953060000,60112.01,-0.0003189692404225175,39.89739100297905,60137.24285714285
443,1720953120000,60113.99,3.293850929275699e-05,40.61442950628997,60136.52785714285
444,1720953180000,60084.9,-0.0004839139774285295,34.165343634596965,60135.02071428571
445,1720953240000,60080.01,-8.138484045072669e-05,33.210690657774435,60131.85571428571
446,1720953300000,60073.13,-0.00011451396229800181,31.861747671741156,60126.50785714285
447,1720953360000,60062.38,-0.00017894855819899913,29.823403127431305,60120.107142857145
448,1720953420000,60061.99,-6.493249185224315e-06,29.74904612518499,60113.64214285714
449,1720953480000,60064.55,4.262263038579128e-05,30.965762209989677,60106.680714285714
450,1720953540000,60032.01,-0.0005417505000869793,25.03128534030951,60096.76
451,1720953600000,60006.0,-0.0004332688510679805,21.486612864760332,60086.90357142857
452,1720953660000,60033.99,0.0004664533546645533,32.55512281582189,60080.18785714286
453,1720953720000,60032.41,-2.631842394607009e-05,32.278493896206086,60072.98571428571
454,1720953780000,60003.63,-0.0004794077066039293,27.666844724338134,60063.727857142854
455,1720953840000,60027.89,0.0004043088726466415,35.971151434624474,60056.349285714285
456,1720953900000,60018.01,-0.00016459015967407176,34.2467583531494,60049.635
457,1720953960000,59990.0,-0.0004666932475768659,29.87434535404185,60040.77857142857
458,1720954020000,59980.0,-0.00016669444907480013,28.476497654690206,60033.28571428572
459,1720954080000,60019.98,0.00066655551850614,40.46951249325595,60028.99785714286
460,1720954140000,60014.01,-9.946687752981909e-05,39.40691625535799,60024.775
461,1720954200000,59982.19,-0.0005302095294081877,34.24565021906449,60019.04714285715
462,1720954260000,59975.0,-0.0001198689144228382,33.18791453572301,60012.83357142857
463,1720954320000,59948.04,-0.0004495206335972668,29.507627344539458,60004.51142857142
464,1720954380000,59980.0,0.000533128355822754,38.24966426734212,60000.79642857142
465,1720954440000,59962.01,-0.00029993331110367283,35.57525650448059,59997.65428571428
466,1720954500000,59934.81,-0.0004536205507454927,31.939081002208326,59990.57
467,1720954560000,59924.01,-0.0001801957827178846,30.601621116804893,59982.827142857146
468,1720954620000,59911.68,-0.00020576059579457961,29.103235395871863,59976.25928571429
469,1720954680000,59905.72,-9.947976755120269e-05,28.37987043703994,59967.53285714286
470,1720954740000,59920.51,0.00024688794325489205,32.840828325416766,59960.56857142858
471,1720954800000,59961.99,0.0006922504498041437,43.47469462394588,59958.567857142865
472,1720954860000,59968.01,0.0001003969347916911,44.839763028448914,59957.711428571434
473,1720954920000,59972.0,6.653547449708697e-05,45.77447192285981,59954.28428571429
474,1720954980000,59938.0,-0.0005669312345761846,39.61429864958845,59948.855
475,1720955040000,59943.99,9.993660115448222e-05,41.11774051943636,59946.12642857143
476,1720955100000,59937.99,-0.00010009343722361397,40.04231384892151,59943.48285714286
477,1720955160000,59943.58,9.32630540331214e-05,41.57548940049233,59943.16428571428
478,1720955220000,59938.0,-9.308753331049857e-05,40.463208668871104,59940.16428571429
479,1720955280000,59963.05,0.00041793186292515827,47.281816261716536,59940.23857142858
480,1720955340000,59963.05,0.0,47.281816261716536,59942.25571428571
481,1720955400000,59995.44,0.0005401659855528429,55.00880661563505,59947.35785714286
482,1720955460000,60014.04,0.00031002356179077317,58.74802915099508,59954.66928571429
483,1720955520000,60034.0,0.00033258884087783436,62.36297171241174,59963.83214285714
484,1720955580000,60034.01,1.6657227575045397e-07,62.36475112081731,59971.93928571428
485,1720955640000,60022.01,-0.0001998866975568836,58.77379595761025,59976.22642857143
486,1720955700000,60002.72,-0.0003213821063307032,53.446289177290744,59978.705714285716
487,1720955760000,59988.4,-0.00023865584760152103,49.834938435990786,59979.87714285714
488,1720955820000,60002.0,0.00022671049736278093,53.077678780596244,59984.44857142858
489,1720955880000,59990.01,-0.00019982667244422547,50.00851714809628,59987.73571428571
490,1720955940000,60004.52,0.00024187360528848956,53.511862103232474,59992.487857142856
491,1720956000000,59992.75,-0.00019615188989086096,50.424937746499346,59996.0
492,1720956060000,59992.75,0.0,50.424937746499346,59999.91071428572
493,1720956120000,59991.63,-1.866892249480223e-05,50.10594843050456,60001.95214285714
494,1720956180000,59989.42,-3.6838472300182445e-05,49.44131872667218,60003.83571428572
495,1720956240000,59984.46,-8.268124612642591e-05,47.90546585565525,60003.05142857142
496,1720956300000,59996.0,0.0001923831605719073,51.66737872844674,60001.76285714285
497,1720956360000,60033.99,0.00063320888059204,61.51906111663076,60001.76214285714
498,1720956420000,60042.0,0.00013342441506880576,63.22127687253172,60002.33285714285
499,1720956480000,59998.0,-0.0007328203590819538,50.10872683537093,60000.61785714286
500,1720956540000,59992.01,-9.983666122204138e-05,48.6300031723606,59999.852857142854
501,1720956600000,60016.0,0.0003998865848968691,54.43015443912668,60001.82428571429
502,1720956660000,60014.04,-3.265795787787962e-05,53.89474416273701,60002.68428571429
503,1720956720000,60018.0,6.598455961293048e-05,54.86084913871182,60004.68357142858
504,1720956780000,60018.13,2.166016861648856e-06,54.89426391108649,60005.65571428572
505,1720956840000,60003.85,-0.00023792810605727244,50.47424158982326,60006.44857142858
506,1720956900000,59996.02,-0.0001304916267873546,48.18330876715878,60006.68214285715
507,1720956960000,59995.84,-3.0001990132255685e-06,48.12922749862581,60006.98285714286
508,1720957020000,59996.02,3.000208014469763e-06,48.19185037544965,60007.45428571429
509,1720957080000,59999.45,5.717045897379869e-05,49.44437445990772,60008.525
510,1720957140000,60074.99,0.0012590115409392144,67.86849094308837,60014.16714285714
511,1720957200000,60078.61,6.025802085041221e-05,68.46165168672331,60017.35428571428
512,1720957260000,60098.01,0.00032291026706521286,71.49827085848965,60021.354999999996
513,1720957320000,60060.01,-0.0006323004705147683,59.42818403714561,60025.78428571428
514,1720957380000,60086.66,0.0004437228698430662,64.0161555822483,60032.545
515,1720957440000,60088.32,2.7626764409927063e-05,64.28706083190309,60037.71071428571
516,1720957500000,60107.99,0.0003273514719666082,67.41730239501143,60044.42142857142
517,1720957560000,60120.86,0.00021411462935305714,69.31257455970612,60051.76857142857
518,1720957620000,60120.02,-1.3971856024697082e-05,69.03034013636584,60059.04642857142
519,1720957680000,60086.66,-0.0005548900349665598,58.79163714662877,60064.96142857143
520,1720957740000,60082.0,-7.755465189784871e-05,57.50847557372082,60071.102857142854
521,1720957800000,60074.0,-0.0001331513598082923,55.2779536200882,60076.68571428571
522,1720957860000,60099.11,0.00041798448580077086,60.46159767206623,60084.04928571428
523,1720957920000,60068.07,-0.0005164801941326402,52.37933166114107,60088.95071428572
524,1720957980000,60062.53,-9.222869987335347e-05,51.067226840037556,60088.06071428572
525,1720958040000,60072.41,0.00016449523521577802,53.31334796747321,60087.61785714286
526,1720958100000,60088.01,0.0002596866015529553,56.693518281886966,60086.90357142857
527,1720958160000,60088.01,0.0,56.693518281886966,60088.90357142857
528,1720958220000,60097.0,0.00014961387471479348,58.692370056182774,60089.64214285714
529,1720958280000,60090.01,-0.00011631196232753105,56.508418465632296,60089.76285714286
530,1720958340000,60099.1,0.00015127306519002737,58.66256987369002,60089.12785714285
531,1720958400000,60098.67,-7.154849240631478e-06,58.51492209710834,60087.54285714286
532,1720958460000,60098.68,1.663930333517527e-07,58.517536945958376,60086.01857142857
533,1720958520000,60058.85,-0.0006627433414511108,46.063580063026755,60084.03214285715
534,1720958580000,60097.53,0.0006440349756946517,55.88304255503519,60085.14142857143
535,1720958640000,60097.53,0.0,55.88304255503519,60086.82214285714
536,1720958700000,60086.0,-0.00019185480667838206,52.57409693992479,60085.885714285716
537,1720958760000,60089.99,6.640481975828116e-05,53.59803625439886,60087.451428571425
538,1720958820000,60059.34,-0.0005100683158709707,45.47571105184348,60087.22357142857
539,1720958880000,60000.01,-0.0009878563434095877,34.558438369949144,60082.052142857145
540,1720958940000,59928.13,-0.0011979998003334158,26.31575095289476,60070.63214285714
541,1720959000000,59906.01,-0.0003691087974878604,24.38799292953331,60057.63214285714
542,1720959060000,59920.55,0.00024271354410010382,28.115642793354937,60045.02857142857
543,1720959120000,59892.0,-0.0004764642514130113,25.461331543357105,60030.885
544,1720959180000,59880.01,-0.0002001936819607808,24.418715508649456,60015.235714285714
545,1720959240000,59876.01,-6.680025604532958e-05,24.064678354876563,59999.33142857143
546,1720959300000,59913.13,0.0006199477887720573,33.67496174165498,59986.07785714286
547,1720959360000,59856.0,-0.0009535472441516424,27.835950039411784,59971.58857142857
548,1720959420000,59854.0,-3.341352579522283e-05,27.655166465959894,59954.19357142858
549,1720959480000,59856.0,3.3414642296225594e-05,28.157645744973152,59936.94142857143
550,1720959540000,59891.99,0.0006012763966853907,36.68049282019002,59923.08357142857
551,1720959600000,59854.0,-0.0006343085277346061,32.32166251283513,59906.22714285715
552,1720959660000,59899.59,0.0007616867711430775,41.33164043799218,59894.81642857143
553,1720959720000,59914.0,0.00024056925932214313,43.875009575752806,59888.67285714286
554,1720959780000,59882.11,-0.0005322629101712772,39.76638219460083,59885.385714285716
555,1720959840000,59909.94,0.0004647464827141068,44.63863373772001,59885.666428571436
556,1720959900000,59865.25,-0.0007459530087995381,39.1606307714862,59881.71642857143
557,1720959960000,59848.6,-0.00027812462154586104,37.322926496834185,59878.616428571426
558,1720960020000,59776.92,-0.0011976888348265158,30.653676981929564,59871.25285714285
559,1720960080000,59764.0,-0.00021613693044064686,29.626075774181615,59863.252142857134
560,1720960140000,59778.0,0.00023425473529203877,32.275420973920504,59853.59999999999
561,1720960200000,59788.0,0.00016728562347356757,34.18145950297381,59848.74285714285
562,1720960260000,59832.05,0.000736769920385516,41.93390273115376,59847.174999999996
563,1720960320000,59798.33,-0.0005635775474850391,38.22251799586204,59843.05571428571
564,1720960380000,59713.0,-0.001426962926891151,30.794916602134464,59830.27071428571
565,1720960440000,59718.0,8.373386029836283e-05,31.633269840579104,59820.55642857142
566,1720960500000,59724.97,0.0001167152282393058,32.854378207475975,59808.08357142857
567,1720960560000,59725.0,5.023024707284662e-07,32.859936793149416,59794.58357142857
568,1720960620000,59744.0,0.00031812473838432886,36.448256287834255,59784.71857142857
569,1720960680000,59719.99,-0.0004018813604713678,33.97700082691604,59771.150714285715
570,1720960740000,59750.14,0.0005048560791789392,39.52219485714958,59762.92857142857
571,1720960800000,59749.4,-1.238490821942051e-05,39.43465041491987,59755.84285714285
572,1720960860000,59732.06,-0.0002902121192849272,37.34705678134122,59752.63857142858
573,1720960920000,59730.0,-3.448734230826478e-05,37.09581279794209,59750.21000000001
574,1720960980000,59737.77,0.00013008538422898397,38.76901720739514,59747.336428571434
575,1720961040000,59747.99,0.00017108104303198424,40.992290064172636,59744.478571428575
576,1720961100000,59770.0,0.000368380593221751,45.575500612502466,59740.04642857143
577,1720961160000,59741.89,-0.0004703028275054866,41.176665258559844,59736.01500000001
578,1720961220000,59724.0,-0.00029945487161520123,38.62177270193266,59736.80071428572
579,1720961280000,59740.0,0.00026789900207613293,42.08293782590794,59738.37214285715
580,1720961340000,59771.89,0.0005338131904921717,48.33628871334695,59741.72357142857
581,1720961400000,59711.07,-0.0010175351657777387,39.56284046150423,59740.72857142857
582,1720961460000,59676.86,-0.000572925589844564,35.64386008500388,59735.932857142856
583,1720961520000,59650.0,-0.00045009070517454397,32.88915004564039,59730.93357142857
584,1720961580000,59604.01,-0.0007709974853310486,28.786850255298546,59720.49571428571
585,1720961640000,59607.99,6.677403080757038e-05,29.60516408608906,59710.395000000004
586,1720961700000,59586.27,-0.0003643806811804984,27.732296943436097,59699.98142857143
587,1720961760000,59605.0,0.000314334157852203,31.742379226639656,59691.05285714286
588,1720961820000,59593.99,-0.00018471604731151725,30.665197389037203,59680.782857142854
589,1720961880000,59591.6,-4.010471525739412e-05,30.42384096985832,59669.61214285714
590,1720961940000,59583.86,-0.00012988407762160037,29.611021273797547,59656.31642857142
591,1720962000000,59585.99,3.57479357664392e-05,30.163967705463463,59645.18071428571
592,1720962060000,59629.02,0.0007221496193987598,40.357218520145246,59638.396428571425
593,1720962120000,59634.0,8.351638178871745e-05,41.42284284212483,59630.825
594,1720962180000,59643.98,0.00016735419391622486,43.59769128852638,59621.68857142857
595,1720962240000,59629.99,-0.00023455845837261347,41.28375318651535,59615.89714285714
596,1720962300000,59638.0,0.00013432838073601516,43.144387695414494,59613.12142857142
597,1720962360000,59610.27,-0.00046497199771966535,38.58578107494996,59610.28357142857
598,1720962420000,59636.0,0.0004316370316725937,44.45068759809182,59612.56857142857
599,1720962480000,59609.99,-0.00043614595210950124,40.26466558728075,59612.71142857143
600,1720962540000,59623.98,0.00023469220511529443,43.354603081033865,59615.40499999999
601,1720962600000,59594.83,-0.0004888972524141888,38.845737447104874,59614.67857142857
602,1720962660000,59608.0,0.00022099232433414606,41.79119430973679,59615.67928571429
603,1720962720000,59608.0,0.0,41.79119430973678,59616.85071428572
604,1720962780000,59623.52,0.00026036773587434503,45.38623149651542,59619.68357142858
605,1720962840000,59625.99,4.1426604802996536e-05,45.95828120860574,59622.54071428572
606,1720962900000,59644.84,0.00031613730857960043,50.241751831183876,59623.67071428571
607,1720962960000,59707.15,0.0010446838318285412,61.19190205482359,59628.89571428572
608,1720963020000,59712.64,9.19487867030444e-05,61.98568442256116,59633.8
609,1720963080000,59712.63,-1.6746873032769116e-07,61.983197482002645,59639.70285714286
610,1720963140000,59725.48,0.00021519735439556875,63.982922524346066,59645.95142857143
611,1720963200000,59730.0,7.567959269638713e-05,64.68656913852423,59654.50357142858
612,1720963260000,59723.99,-0.00010061945421069307,62.926221242096055,59660.78857142857
613,1720963320000,59765.76,0.000699383949398058,69.1997670796641,59671.915
614,1720963380000,59765.99,3.848357320146434e-06,69.2306424868413,59682.05857142858
615,1720963440000,59735.99,-0.0005019577187628244,60.68545824921695,59692.14142857143
616,1720963500000,59712.64,-0.0003908866329995764,54.995601427473794,59699.61571428571
617,1720963560000,59704.39,-0.00013816170244695947,53.10119674613866,59706.500714285714
618,1720963620000,59707.42,5.0750036973745694e-05,53.731577375685376,59712.49357142857
619,1720963680000,59700.75,-0.00011171140873278418,52.07231200874224,59717.833571428564
620,1720963740000,59636.02,-0.0010842409852472867,39.36705086107016,59717.20357142857
621,1720963800000,59660.02,0.0004024413433358909,44.74976349483167,59713.83714285714
622,1720963860000,59619.22,-0.0006838750640713043,38.49351888060346,59707.16428571428
623,1720963920000,59628.06,0.0001482743316667534,40.43654935164051,59701.12357142857
624,1720963980000,59618.01,-0.0001685448092726416,38.930807164010695,59693.44714285714
625,1720964040000,59604.0,-0.00023499610268784554,36.86968957929962,59684.44714285714
626,1720964100000,59602.13,-3.137373330652782e-05,36.59122213434116,59675.74285714286
627,1720964160000,59608.01,9.865419239218909e-05,38.17249590342014,59664.47499999999
628,1720964220000,59625.99,0.00030163731350874023,42.86452374523449,59654.475
629,1720964280000,59630.0,6.72525521170364e-05,43.88729714093255,59646.904285714285
630,1720964340000,59628.02,-3.320476270340933e-05,43.4734847170601,59640.85999999999
631,1720964400000,59630.0,3.3205865296315196e-05,44.0417012633629,59635.54642857142
632,1720964460000,59682.0,0.0008720442730170141,56.42912028237669,59633.73071428571
633,1720964520000,59688.0,0.00010053282396693675,57.59555463929526,59632.82
634,1720964580000,59642.12,-0.0007686637180002176,47.19185382002822,59633.25571428571
635,1720964640000,59642.56,7.377336687541813e-06,47.290187956419366,59632.008571428574
636,1720964700000,59630.01,-0.00021042020999761935,44.731637892575826,59632.779285714285
637,1720964760000,59640.0,0.00016753309281680728,47.18135848036154,59633.63214285714
638,1720964820000,59644.0,6.706908115350352e-05,48.17192629290975,59635.48857142857
639,1720964880000,59678.0,0.0005700489571456302,55.765731366871826,59640.77428571428
640,1720964940000,59692.0,0.00023459231207478837,58.46439478642511,59647.19357142857
641,1720965000000,59644.01,-0.0008039603296924325,47.717662506195445,59649.765
642,1720965060000,59658.0,0.00023455834039332046,50.570163432666035,59652.05142857142
643,1720965120000,59677.77,0.0003313889168259365,54.35975498272215,59655.46357142857
644,1720965180000,59686.0,0.00013790729780960298,55.87629221756146,59659.605
645,1720965240000,59700.0,0.00023456086854545255,58.408078152065244,59664.605
646,1720965300000,59700.0,0.0,58.408078152065244,59665.89071428572
647,1720965360000,59685.41,-0.00024438860971520704,54.620127475167116,59665.705714285716
648,1720965420000,59684.79,-1.038779829110048e-05,54.45849889939377,59668.75357142858
649,1720965480000,59699.99,0.0002546712487385694,57.75869216998377,59672.85571428571
650,1720965540000,59701.93,3.24958178385959e-05,58.17528125565155,59677.99285714286
651,1720965600000,59701.93,0.0,58.17528125565154,59682.41642857143
652,1720965660000,59700.02,-3.199226557670798e-05,57.52747247689553,59686.41785714286
653,1720965720000,59687.25,-0.00021390277591193385,53.2574431003269,59687.07857142857
654,1720965780000,59670.06,-0.00028800120628780235,48.08350369491308,59685.51142857143
655,1720965840000,59656.71,-0.0002237302928804752,44.47023296409649,59686.41857142857
656,1720965900000,59646.01,-0.00017935953893533085,41.76149127846717,59685.56214285714
657,1720965960000,59680.0,0.0005698620913618946,51.80436426743838,59685.72142857143
658,1720966020000,59700.0,0.00033512064343166337,56.55203586147697,59686.72142857143
659,1720966080000,59700.0,0.0,56.55203586147697,59686.72142857143
660,1720966140000,59720.01,0.00033517587939702054,61.00885863814881,59688.150714285715
661,1720966200000,59720.01,0.0,61.00885863814881,59690.62214285715
662,1720966260000,59726.0,0.00010030138976868663,62.34968830368083,59693.565714285716
663,1720966320000,59726.0,0.0,62.34968830368083,59695.423571428575
664,1720966380000,59730.38,7.333489602512344e-05,63.4165520361327,59697.455714285716
665,1720966440000,59704.0,-0.00044165130039353073,53.570704668298916,59697.603571428575
666,1720966500000,59696.46,-0.00012628969583283745,51.12735814854597,59697.349285714285
667,1720966560000,59664.0,-0.0005437508354766418,42.20323932364466,59695.688571428575
668,1720966620000,59660.01,-6.687449718423277e-05,41.250122151240014,59694.970714285715
669,1720966680000,59650.1,-0.00016610791717941442,38.90028006465626,59694.49857142857
670,1720966740000,59600.01,-0.0008397303608878026,29.69302873649066,59691.212857142855
671,1720966800000,59608.06,0.00013506709143151774,32.459774835477035,59686.07428571429
672,1720966860000,59602.0,-0.00010166410381406976,31.456224994436226,59679.07428571429
673,1720966920000,59602.0,0.0,31.45622499443624,59672.07428571429
674,1720966980000,59636.05,0.0005712895540419538,42.950005720958046,59666.07714285714
675,1720967040000,59636.0,-8.384190435251071e-07,42.93861947562441,59660.076428571425
676,1720967100000,59628.19,-0.00013096116439725858,41.10553156699008,59653.090000000004
677,1720967160000,59647.86,0.00032987752940338844,47.217273965779434,59647.508571428574
678,1720967220000,59640.01,-0.00013160572734716158,45.20127102197461,59641.05357142857
679,1720967280000,59567.23,-0.0012203217269748379,31.691235289641966,59631.28428571428
680,1720967340000,59514.02,-0.0008932763870337368,25.654126818798147,59618.25285714286
681,1720967400000,59636.0,0.0020496010855930447,49.4347050171127,59616.25285714286
682,1720967460000,59674.0,0.0006371990073110734,54.33506554348347,59617.25214285714
683,1720967520000,59738.0,0.0010724938834332232,61.161835189489715,59623.53071428572
684,1720967580000,59736.01,-3.3312129632645515e-05,60.85718457896354,59633.245
685,1720967640000,59738.01,3.348064258057448e-05,61.067078634928116,59642.52714285715
686,1720967700000,59740.01,3.347952166476986e-05,61.29061543511345,59652.38500000001
687,1720967760000,59745.45,9.106125024072043e-05,61.930878544184004,59662.63142857143
688,1720967820000,59745.46,1.6737676267197799e-07,61.932125027961334,59670.44642857143
689,1720967880000,59726.02,-0.00032538037199814074,57.95914235954329,59676.87642857143
690,1720967940000,59726.01,-1.6743121333817612e-07,57.957082699100724,59683.86357142857
691,1720968000000,59754.89,0.0004835414252517545,62.14136087123624,59691.508571428574
692,1720968060000,59760.0,8.551601383577356e-05,62.84596006757082,59700.07928571429
693,1720968120000,59767.61,0.00012734270414993532,63.9228174716924,59714.39214285714
694,1720968180000,59762.0,-9.386354916984807e-05,62.48504187525514,59732.104999999996
695,1720968240000,59766.0,6.693216425146531e-05,63.12196178185095,59741.39071428571
696,1720968300000,59802.01,0.0006025164809424499,68.33414206640886,59750.53428571428
697,1720968360000,59863.47,0.0010277246534020623,74.86397818309457,59759.49642857142
698,1720968420000,59886.0,0.00037635639898581097,76.75619768834405,59770.21
699,1720968480000,59862.0,-0.00040076144674883185,70.65451494357164,59779.06642857142
700,1720968540000,59905.27,0.000722829173766204,74.57826781226201,59790.87071428571
701,1720968600000,60020.0,0.0019151904331622394,81.60244250909817,59810.48142857143
702,1720968660000,60130.01,0.0018328890369876394,85.6863830489383,59837.94928571429
703,1720968720000,60022.48,-0.001788291736522174,69.45653299923042,59859.125
704,1720968780000,59963.99,-0.0009744682325689702,62.51977186582473,59876.12357142857
705,1720968840000,59943.99,-0.00033353350902765033,60.302041654828045,59889.63071428571
706,1720968900000,59986.01,0.0007009877053563152,63.251496313062084,59905.77428571428
707,1720968960000,60042.01,0.0009335510063095409,66.7925001264037,59925.374285714286
708,1720969020000,60046.07,6.761932187138164e-05,67.04046519067612,59945.665
709,1720969080000,60034.0,-0.00020101232270486324,65.47516781208847,59964.80785714286
710,1720969140000,60012.0,-0.00036645900656295805,62.605874038299284,59979.80714285715
711,1720969200000,60075.06,0.001050789842031552,67.061585460835,59994.92071428571
712,1720969260000,60095.69,0.000343403735260539,68.38863420189679,60009.89857142857
713,1720969320000,60114.33,0.000310171994031494,69.58113466672,60027.92214285715
714,1720969380000,60129.99,0.0002605036103704439,70.58508768079173,60043.97357142857
715,1720969440000,60138.0,0.00013321139750743782,71.11030468834483,60052.40214285714
716,1720969500000,60082.55,-0.0009220459609564635,62.75651124130651,60049.012142857144
717,1720969560000,59959.71,-0.002044520413997164,49.01824589866871,60044.52857142857
718,1720969620000,59934.0,-0.0004287879310956866,46.71330064500195,60042.38642857143
719,1720969680000,59919.25,-0.0002461040477859111,45.39449539190087,60040.61928571429
720,1720969740000,59895.99,-0.00038818910450322264,43.317635360871435,60034.18928571429
721,1720969800000,59898.01,3.3725129178208135e-05,43.559139182150574,60023.90357142857
722,1720969860000,59883.99,-0.00023406453736951605,42.214760237898126,60012.32642857143
723,1720969920000,59948.07,0.0010700689783698092,49.8355143601926,60006.188571428575
724,1720969980000,59994.62,0.0007765053987560666,54.52705984409937,60004.947142857134
725,1720970040000,59995.35,1.2167757708958504e-05,54.598769073148084,59999.25357142858
726,1720970100000,59962.0,-0.0005558764137554295,50.66769836169351,59989.704285714295
727,1720970160000,59959.99,-3.352123011246544e-05,50.43202023768885,59978.68
728,1720970220000,59978.01,0.000300533739248543,52.56238680656151,59967.82428571429
729,1720970280000,59920.29,-0.0009623527022654121,45.775883380476124,59952.273571428566
730,1720970340000,59925.52,8.728262162938094e-05,46.45054514613948,59941.057142857135
731,1720970400000,59914.01,-0.0001920717584094067,45.120025571486615,59937.79285714286
732,1720970460000,59916.01,3.338117411932906e-05,45.412617323824165,59936.50785714285
733,1720970520000,59895.38,-0.0003443153173918745,42.87345437696054,59934.80285714286
734,1720970580000,59876.02,-0.00032323027251857095,40.58036592950987,59933.37642857143
735,1720970640000,59879.63,6.029124848305756e-05,41.21177268880461,59932.063571428575
736,1720970700000,59890.0,0.00017318076280692374,43.082795378183434,59932.49285714286
737,1720970760000,59923.0,0.000551010185339873,48.68027913201912,59930.702142857146
738,1720970820000,59911.91,-0.00018507084091246018,47.00720197281201,59924.794285714284
739,1720970880000,59920.01,0.00013519849392218397,48.40207070668641,59919.41285714285
740,1720970940000,59907.99,-0.00020060076759009782,46.448227252773336,59915.55499999999
741,1720971000000,59965.54,0.0009606398078119138,55.674125819173376,59915.951428571425
742,1720971060000,59976.01,0.00017460027876015083,57.121434310353564,59915.80857142857
743,1720971120000,59977.18,1.950779986858997e-05,57.28926243257476,59919.87214285715
744,1720971180000,60053.99,0.00128065374197317,66.54652045333538,59929.048571428575
745,1720971240000,60014.01,-0.0006657342834338609,59.33738170145387,59936.19142857143
746,1720971300000,60000.01,-0.00023327886271884424,57.00839620162024,59942.19142857143
747,1720971360000,59986.0,-0.00023349996108334992,54.69484260163024,59948.66428571429
748,1720971420000,59972.39,-0.00022688627346378887,52.46726008369744,59955.547857142854
749,1720971480000,59983.78,0.00018992072852186404,54.15022444839929,59962.98714285714
750,1720971540000,59978.0,-9.635938248642173e-05,53.12233124461316,59969.27285714285
751,1720971600000,59921.68,-0.0009390109706892691,44.29851606677195,59969.17857142857
752,1720971660000,59916.0,-9.479039973514514e-05,43.51350866119728,59969.47071428572
753,1720971720000,59925.99,0.00016673342679740522,45.34790520872934,59969.89785714286
754,1720971780000,59934.01,0.00013383174812808818,46.84043700036165,59971.75642857143
755,1720971840000,59934.45,7.3414076580125e-06,46.926073909591366,59969.53571428572
756,1720971900000,59965.99,0.0005262415855988856,52.79623377909854,59968.82
757,1720971960000,59965.9,-1.500850732139014e-06,52.77829513659524,59968.014285714286
758,1720972020000,60000.0,0.0005686565197886573,58.52791409800755,59964.157857142854
759,1720972080000,60014.02,0.00023366666666668756,60.64933941266021,59964.15857142857
760,1720972140000,59989.27,-0.0004124036350172666,55.27401418149575,59963.39142857143
761,1720972200000,59997.45,0.00013635771863862445,56.641783521576805,59964.20928571428
762,1720972260000,59990.65,-0.00011333815020464488,55.13239821021428,59965.51357142858
763,1720972320000,59983.98,-0.00011118399283882585,53.622959161937914,59965.52785714286
764,1720972380000,59974.0,-0.0001663777561943247,51.357271549688775,59965.24214285715
765,1720972440000,60050.0,0.0012672157935105233,63.87498539080209,59974.407857142854
766,1720972500000,60082.0,0.0005328892589508971,67.64987397740843,59986.265
767,1720972560000,60066.01,-0.0002661362804167178,64.04834284595816,59996.26642857143
768,1720972620000,60116.01,0.0008324175353082719,69.51383420865602,60009.26642857143
769,1720972680000,60097.55,-0.0003070729411349671,65.55160148139727,60020.916428571436
770,1720972740000,60084.0,-0.00022546676195622783,62.72539166350377,60029.34571428572
771,1720972800000,60060.01,-0.00039927434924436067,57.96074510330476,60036.06785714285
772,1720972860000,60030.0,-0.0004996669164724077,52.580158450972135,60038.21071428571
773,1720972920000,60003.45,-0.00044227886056980026,48.30754276574676,60037.455714285716
774,1720972980000,60000.02,-5.716337977235142e-05,47.767511585748096,60038.22357142857
775,1720973040000,60008.6,0.00014299995233346685,49.29450364326585,60039.020000000004
776,1720973100000,60032.98,0.00040627510056889804,53.45812329479263,60042.04357142857
777,1720973160000,60056.01,0.00038362246884959816,57.04620612472565,60047.188571428575
778,1720973220000,60056.02,1.6651122836108811e-07,57.04775456759503,60053.04714285715
779,1720973280000,60040.0,-0.0002667509435356763,53.70752734398881,60052.33285714286
780,1720973340000,60021.2,-0.0003131245836109908,50.007121694245285,60047.99
781,1720973400000,60024.12,4.864947718474788e-05,50.57670280472181,60044.99785714286
782,1720973460000,60034.0,0.0001646004972666315,52.546730593884945,60039.14
783,1720973520000,60088.77,0.0009123163540660784,61.668293727108136,60038.51285714285
784,1720973580000,60076.0,-0.00021251891160356529,58.828893277315345,60037.94142857142
785,1720973640000,60088.01,0.00019991344297221048,60.66331532902667,60039.94142857143
786,1720973700000,60080.01,-0.00013313804201542379,58.78442823891728,60043.51357142858
787,1720973760000,60054.0,-0.0004329226975827716,53.03323799640377,60047.124285714286
788,1720973820000,60034.01,-0.0003328670862889904,49.060545640994356,60049.552142857145
789,1720973880000,60047.75,0.00022887026870255234,51.73670739263471,60052.34857142857
790,1720973940000,60030.01,-0.00029543155238953567,48.2147087481861,60052.13642857143
791,1720974000000,60044.01,0.00023321668612075186,51.04694391824187,60051.279285714285
792,1720974060000,60022.0,-0.00036656445830318685,46.72071898400452,60048.849285714285
793,1720974120000,59974.0,-0.0007997067741828401,38.965032121903704,60044.135
794,1720974180000,59963.86,-0.00016907326508153186,37.54705876138174,60040.03928571429
795,1720974240000,59980.01,0.00026932889243624913,41.2162438615267,60036.88857142858
796,1720974300000,59952.01,-0.00046682219626170696,37.14195621966893,60031.03214285715
797,1720974360000,59958.28,0.00010458364948884302,38.605504005604146,60021.71142857143
798,1720974420000,59963.47,8.656018818431477e-05,39.853859594913544,60013.673571428575
799,1720974480000,59982.86,0.0003233635411692415,44.40228376646083,60006.16285714286
800,1720974540000,59940.02,-0.0007142040242830161,37.63120776367695,59996.16357142857
801,1720974600000,59932.0,-0.00013380042248900548,36.50877776823944,59987.44928571429
802,1720974660000,59930.0,-3.3371153974504075e-05,36.21865372519249,59980.020000000004
803,1720974720000,59900.01,-0.0005004171533455892,32.09943402806098,59969.467142857146
804,1720974780000,59916.0,0.00026694486361522607,36.26178979589095,59961.32357142858
805,1720974840000,59933.91,0.00029891848588037284,40.65029082146585,59953.45928571428
806,1720974900000,59934.93,1.7018746148789177e-05,40.89986181369939,59947.24
807,1720974960000,59975.99,0.000685076298579057,50.01243357441147,59947.38214285714
808,1720975020000,59950.49,-0.0004251701389172968,45.33710469913207,59946.427142857145
809,1720975080000,59977.7,0.00045387452212652946,50.639661751682695,59946.26214285714
810,1720975140000,59996.01,0.0003052801291147933,53.8816467185257,59949.40499999999
811,1720975200000,59978.01,-0.00030001995132677983,50.37858583004425,59950.81428571429
812,1720975260000,59996.0,0.00029994326253901527,53.6238137180503,59953.13785714285
813,1720975320000,60009.61,0.00022684845656373298,55.96986614635075,59955.04857142857
814,1720975380000,60014.01,7.33215896586703e-05,56.731926684368915,59960.333571428564
815,1720975440000,60019.39,8.964573438774437e-05,57.696054524147264,59966.57571428571
816,1720975500000,60020.0,1.0163382200278903e-05,57.81084349228105,59973.00428571428
817,1720975560000,60016.0,-6.664445184934031e-05,56.72391661549711,59981.28928571428
818,1720975620000,60016.0,0.0,56.72391661549711,59988.432142857135
819,1720975680000,60027.19,0.00018645027992536534,59.2119890029312,59995.09500000001
820,1720975740000,60012.4,-0.00024638834501500284,54.732932405942634,60000.62857142858
821,1720975800000,60053.17,0.000679359599016216,63.034041053259585,60006.14142857143
822,1720975860000,60072.01,0.00031372199002999146,66.1254218329814,60014.82142857143
823,1720975920000,60071.72,-4.8275394813890316e-06,66.03388010097066,60021.537142857145
824,1720975980000,60086.09,0.00023921405946092378,68.37049187865458,60027.971428571436
825,1720976040000,60105.82,0.0003283621883201082,71.29072699267752,60037.10071428572
826,1720976100000,60056.0,-0.0008288714803325048,56.98401728761509,60041.38642857143
827,1720976160000,60036.0,-0.00033302251232181224,52.43479409747883,60043.27142857143
828,1720976220000,60051.01,0.00025001665667279127,55.31785349175916,60045.91428571429
829,1720976280000,60080.72,0.0004947460500663858,60.43035037286506,60050.295
830,1720976340000,60107.33,0.00044290414628855856,64.3633410319994,60056.53285714286
831,1720976400000,60078.56,-0.00047864378604078883,57.687278006434504,60061.00142857143
832,1720976460000,60100.0,0.00035686607668372616,60.93887143802498,60067.00142857143
833,1720976520000,60129.27,0.0004870216306156472,64.90406764550565,60074.29285714286
834,1720976580000,60112.7,-0.0002755729447572186,61.121404321479275,60081.457142857136
835,1720976640000,60122.0,0.00015470940416917323,62.4443622632074,60086.37357142857
836,1720976700000,60112.13,-0.00016416619540271515,60.10672344771493,60089.239285714284
837,1720976760000,60136.01,0.0003972575917705612,63.6521222021946,60093.83142857143
838,1720976820000,60152.59,0.00027570834845858094,65.91696727231445,60098.58142857142
839,1720976880000,60098.39,-0.0009010418337763726,54.05862730819857,60098.05071428571
840,1720976940000,60049.67,-0.0008106706352699611,46.040713226999145,60097.59857142857
841,1720977000000,60016.0,-0.0005607024984483067,41.46367351217312,60096.17
842,1720977060000,59992.0,-0.0003998933617701539,38.52382565465775,60091.955
843,1720977120000,59970.0,-0.0003667155620749041,36.00381854524688,60084.04642857143
844,1720977180000,59996.02,0.00043388360847074203,40.92579506254054,60076.095714285715
845,1720977240000,59980.01,-0.00026685103445189817,38.94123642276948,60069.05642857143
846,1720977300000,59977.8,-3.6845609062030604e-05,38.66253272137708,60060.32785714285
847,1720977360000,59973.86,-6.569097232644872e-05,38.138468059653206,60049.22714285714
848,1720977420000,59935.92,-0.000632608939961532,33.438194045461685,60036.6
849,1720977480000,59924.08,-0.0001975443106571051,32.108302168881806,60022.462857142855
850,1720977540000,59935.29,0.0001870700392896385,34.75415083808571,60009.83142857143
851,1720977600000,59983.99,0.0008125429942860141,44.815838099126054,59998.97285714286
852,1720977660000,59998.9,0.00024856632578140747,47.48593445547618,59987.995
853,1720977720000,59995.87,-5.050092585023869e-05,46.98836639131937,59980.67214285715
854,1720977780000,59951.0,-0.00074788481273802,40.26066671898047,59973.624285714286
855,1720977840000,59964.04,0.00021751096728994668,42.822820445758246,59969.91285714286
856,1720977900000,59954.01,-0.00016726691530455362,41.35366796272977,59967.19928571429
857,1720977960000,59952.0,-3.3525697447078784e-05,41.04973224375216,59965.91357142857
858,1720978020000,59985.78,0.000563450760608486,47.97065968701292,59965.182142857135
859,1720978080000,59983.61,-3.61752401986104e-05,47.58418070342418,59965.43928571428
860,1720978140000,60008.01,0.0004067777847982512,52.24325548665446,59967.59714285714
861,1720978200000,60029.93,0.0003652845678434602,56.024890731900626,59971.60214285715
862,1720978260000,60027.48,-4.081297446123511e-05,55.49593863626482,59978.14214285714
863,1720978320000,60034.01,0.00010878351048559942,56.67017108747762,59985.99428571429
864,1720978380000,60018.28,-0.00026201814604764895,53.0397568490454,59991.92214285715
865,1720978440000,60018.28,0.0,53.0397568490454,59994.37142857143
866,1720978500000,60050.0,0.0005285056486123985,59.158683089536396,59998.02142857143
867,1720978560000,60043.65,-0.00010574521232309397,57.542252829082855,60001.434285714284
868,1720978620000,60058.0,0.0002389927994050911,60.18952556395708,60009.07714285714
869,1720978680000,60030.09,-0.00046471743980824876,53.236924404781355,60013.795
870,1720978740000,60020.01,-0.00016791579023112124,50.947962342993705,60018.50928571429
871,1720978800000,59980.01,-0.0006664444074567788,43.03973157709668,60020.51
872,1720978860000,59963.98,-0.00026725570735985915,40.33751666183028,60018.95285714286
873,1720978920000,59970.0,0.00010039360295954758,41.81495498377136,60017.98071428571
874,1720978980000,59965.99,-6.686676671674441e-05,41.08511920559279,60014.97928571429
875,1720979040000,59958.01,-0.00013307543159035706,39.6037180531227,60009.842142857146
876,1720979100000,59992.0,0.0005668967332304042,48.1752474769289,60007.30785714286
877,1720979160000,59982.18,-0.00016368849179893008,46.1379636139653,60003.60571428571
878,1720979220000,59960.01,-0.00036960977410283036,41.836449968099245,59999.44357142857
879,1720979280000,59971.96,0.00019929949978325645,44.82259599914452,59996.135
880,1720979340000,59978.03,0.00010121396732731824,46.329890405478004,59990.99428571428
881,1720979400000,60016.0,0.000633065140685618,54.671417279845976,59989.01928571429
882,1720979460000,59998.01,-0.0002997533990934942,50.65438460519057,59984.73428571429
883,1720979520000,59998.01,0.0,50.65438460519057,59982.44285714285
884,1720979580000,60004.32,0.00010517015481004144,52.086475914584845,59981.32214285714
885,1720979640000,60009.62,8.832697379124177e-05,53.31210106302707,59983.43714285714
886,1720979700000,59979.82,-0.0004965870472101175,46.16204186962936,59984.56857142857
887,1720979760000,59996.0,0.00026975739507051344,50.07703618381027,59986.42571428571
888,1720979820000,59999.91,6.517101140079973e-05,51.00425836973309,59988.84857142857
889,1720979880000,60009.62,0.0001618335760837919,53.322802583996264,59992.534999999996
890,1720979940000,60005.56,-6.765581918377617e-05,52.21029073533001,59993.50357142857
891,1720980000000,60014.73,0.00015281917209009066,54.518395110522086,59995.82857142858
892,1720980060000,59992.02,-0.0003784071010567436,48.297178816856615,59998.115
893,1720980120000,60020.0,0.0004663953639167939,55.095985147903185,60001.54642857142
894,1720980180000,60012.01,-0.00013312229256912111,52.954547456253756,60003.97357142857
895,1720980240000,60020.0,0.00013314001647324325,54.844625016691595,60004.25928571429
896,1720980300000,60050.0,0.0004998333888703854,61.15501366100859,60007.97285714286
897,1720980360000,60062.01,0.00019999999999997797,63.36240842128615,60012.544285714284
898,1720980420000,60051.8,-0.00016999098098779974,60.22899246599955,60015.93571428571
899,1720980480000,60072.28,0.00034103890308023743,64.06750243125515,60020.41142857143
900,1720980540000,60072.28,0.0,64.06750243125515,60027.01571428571
901,1720980600000,60039.01,-0.0005538328160675787,54.20998446501291,60030.087857142855
902,1720980660000,60014.0,-0.000416562498282369,48.20554642651753,60031.09428571428
903,1720980720000,59969.79,-0.0007366614456626452,39.81115256552529,60028.249285714286
904,1720980780000,59945.01,-0.00041320805025324425,36.02449759342965,60023.92428571429
905,1720980840000,59935.43,-0.00015981313540525122,34.6522535377474,60018.26
906,1720980900000,59948.0,0.00020972569980726163,37.989972757399514,60015.11571428572
907,1720980960000,59982.88,0.0005818375925801256,46.20135720442857,60012.46428571428
908,1720981020000,59969.99,-0.00021489464994006724,43.888411437623304,60009.46285714286
909,1720981080000,59955.05,-0.000249124603822648,41.307226535992264,60004.82357142858
910,1720981140000,59946.01,-0.0001507796257362859,39.78259506512528,59997.39571428572
911,1720981200000,59965.99,0.0003332999143728088,44.64557959759056,59990.537142857145
912,1720981260000,59967.4,2.351332813832485e-05,44.98324312321431,59984.508571428574
913,1720981320000,59967.75,5.8365045008113015e-06,45.072811113748195,59977.04214285714
914,1720981380000,59953.56,-0.00023662718711314756,42.08158676942974,59968.562142857154
915,1720981440000,59936.03,-0.00029239297883221216,38.667571618103075,59961.20642857143
916,1720981500000,59944.0,0.00013297510695986503,41.01076010898827,59956.20642857143
917,1720981560000,59953.8,0.00016348592019221897,43.85135177124991,59955.06428571429
918,1720981620000,59953.8,0.0,43.85135177124991,59955.69214285714
919,1720981680000,59961.99,0.00013660518599323268,46.35510542919094,59957.58928571428
920,1720981740000,59954.03,-0.0001327507642757686,44.28804737558261,59958.02
921,1720981800000,59959.54,9.190374692069625e-05,46.080406075267554,59956.352857142854
922,1720981860000,59954.0,-9.239563879248625e-05,44.529217971853306,59955.21071428571
923,1720981920000,59961.86,0.0001311005103912244,47.242707393229686,59955.69714285714
924,1720981980000,59964.25,3.9858670161319054e-05,48.07448023275336,59957.0
925,1720982040000,59964.25,0.0,48.07448023275336,59956.875714285714
926,1720982100000,59950.23,-0.00023380597606070808,43.417479348690684,59955.64928571428
927,1720982160000,59950.23,0.0,43.41747934869068,59954.39785714286
928,1720982220000,59959.99,0.00016280171068561167,47.521804743703704,59954.857142857145
929,1720982280000,59984.01,0.00040060046707823815,55.983916552927994,59958.28428571428
930,1720982340000,59993.85,0.00016404371765066372,58.90720913705036,59961.84500000001
931,1720982400000,59996.66,4.683813424222194e-05,59.729719629094234,59964.90642857143
932,1720982460000,59994.01,-4.416912541471696e-05,58.539709631507144,59967.778571428564
933,1720982520000,60021.99,0.0004663798935926611,66.1973850150858,59972.06428571428
934,1720982580000,60014.0,-0.0001331178789639731,62.63946325879894,59976.34785714286
935,1720982640000,60014.01,1.6662778690168523e-07,62.64216955364218,59980.23857142857
936,1720982700000,59998.0,-0.0002667710422949998,55.687226096734555,59983.381428571425
937,1720982760000,59982.01,-0.000266508883629446,49.74660228526766,59984.82071428571
938,1720982820000,60001.4,0.0003232635918668514,55.89147672485686,59987.474285714285
939,1720982880000,60001.4,0.0,55.89147672485686,59990.12785714286
940,1720982940000,60001.4,0.0,55.89147672485686,59993.78285714286
941,1720983000000,60017.71,0.0002718269907036053,60.912740200488024,59998.602857142854
942,1720983060000,60020.1,3.982157933046793e-05,61.60253773486621,60002.896428571425
943,1720983120000,60020.1,0.0,61.60253773486621,60005.474285714285
944,1720983180000,60017.71,-3.981999363544819e-05,60.36700178742737,60007.17857142857
945,1720983240000,60018.23,8.664109310441148e-06,60.5523838338291,60008.71928571429
946,1720983300000,60017.38,-1.416236366857948e-05,60.057867187963964,60010.38857142858
947,1720983360000,60006.95,-0.00017378299419268384,54.20779192908543,60009.31428571429
948,1720983420000,60017.38,0.00017381319997111788,58.55534380318393,60009.555714285714
949,1720983480000,60020.1,4.532020558056793e-05,59.6317166843778,60009.99071428571
950,1720983540000,60020.11,1.666108520037568e-07,59.63586723400941,60011.57
951,1720983600000,60020.0,-1.8327190669520377e-06,59.5633198770768,60014.28357142857
952,1720983660000,60020.0,0.0,59.5633198770768,60015.61214285715
953,1720983720000,60020.0,0.0,59.5633198770768,60016.94071428571
954,1720983780000,60020.0,0.0,59.5633198770768,60018.26928571429
955,1720983840000,60014.0,-9.996667777412149e-05,54.68284113804582,60018.00428571429
956,1720983900000,59990.07,-0.00039874029393138777,40.44790088069099,60015.85928571429
957,1720983960000,60008.0,0.0002988827984364839,50.78550477315125,60014.995
958,1720984020000,60008.0,0.0,50.78550477315125,60014.30142857142
959,1720984080000,60008.0,0.0,50.78550477315125,60013.57071428571
960,1720984140000,60008.0,0.0,50.78550477315125,60012.900714285715
961,1720984200000,59990.09,-0.0002984602053059948,41.181022337256834,60011.69642857143
962,1720984260000,59990.09,0.0,41.181022337256834,60009.74714285714
963,1720984320000,59995.99,9.83495774051768e-05,45.144531907177516,60008.02500000001
964,1720984380000,59995.99,0.0,45.144531907177516,60006.302142857145
965,1720984440000,59990.21,-9.633977204137611e-05,41.93402105784253,60004.17428571428
966,1720984500000,59990.21,0.0,41.93402105784253,60002.04642857142
967,1720984560000,59990.21,0.0,41.93402105784252,59999.91857142856
968,1720984620000,59992.33,3.533909949648972e-05,43.766039052646995,59997.94214285714
969,1720984680000,59974.43,-0.0002983714751535471,34.00925042695431,59995.115714285705
970,1720984740000,59980.42,9.987589711135669e-05,38.916645334396485,59994.42642857142
971,1720984800000,59980.42,0.0,38.91664533439648,59992.45642857143
972,1720984860000,59980.42,0.0,38.91664533439648,59990.48642857142
973,1720984920000,59980.42,0.0,38.916645334396485,59988.51642857143
974,1720984980000,59974.66,-9.603133822666532e-05,35.50193143821308,59986.135
975,1720985040000,59988.9,0.0002374336094610463,47.71599013265422,59986.049999999996
976,1720985100000,59988.9,0.0,47.71599013265422,59985.965000000004
977,1720985160000,59988.9,0.0,47.71599013265422,59985.45857142857
978,1720985220000,59977.02,-0.0001980366367778652,39.85228799847002,59984.10357142857
979,1720985280000,59977.02,0.0,39.85228799847002,59983.16142857143
980,1720985340000,59977.02,0.0,39.85228799847002,59982.21928571429
981,1720985400000,59985.99,0.0001495572804384171,47.94276719953434,59981.917857142864
982,1720985460000,59979.51,-0.00010802522388975166,43.40102606266844,59981.00214285714
983,1720985520000,59979.5,-1.6672360281244636e-07,43.394194177067206,59981.36428571429
984,1720985580000,59985.65,0.00010253503280299725,48.73850440849027,59981.737857142856
985,1720985640000,59964.76,-0.00034824995644788803,36.22696726622792,59980.61928571428
986,1720985700000,59977.12,0.00020612106177031464,45.19191591343007,59980.383571428574
987,1720985760000,59970.54,-0.00010970850217550954,41.82136389474521,59979.67785714286
988,1720985820000,59970.54,0.0,41.82136389474522,59979.383571428574
989,1720985880000,59962.01,-0.00014223650479050498,37.60464824829185,59977.462857142855
990,1720985940000,59951.72,-0.00017160865688126137,33.24941730616065,59974.80714285715
991,1720986000000,59932.82,-0.000315253674123106,27.05212295957496,59970.80142857142
992,1720986060000,59932.81,-1.6685348702694114e-07,27.049250220406563,59967.64357142857
993,1720986120000,59926.08,-0.00011229241545651636,25.11617773924401,59964.005
994,1720986180000,59915.01,-0.00018472758438392578,22.29392050350539,59959.57571428571
995,1720986240000,59906.96,-0.00013435698333363888,20.490761255916084,59953.930714285714
996,1720986300000,59922.0,0.00025105597079200237,31.61885208183145,59949.822857142855
997,1720986360000,59936.01,0.0002338039451286189,40.037762338982894,59946.716428571424
998,1720986420000,59940.0,6.657099796925081e-05,42.219585704209436,59943.455714285716
999,1720986480000,59939.99,-1.6683350023694032e-07,42.21543974655296,59941.68642857143
